{"numVertices": 20484, "numFaces": 40960, "numTimesteps": 7, "vertexDims": 3, "faceDims": 3, "activationMin": -0.6077303886413574, "activationMax": 1.0960334539413452}